iteration,seconds,loss_u,loss_v,loss_p,loss_u_in,loss_v_in,loss_u_noslip,loss_v_noslip,loss_mom_u,loss_mom_v,loss_cont,loss_total,rel_l2_u,rel_l2_v,rel_l2_p
1,4.028490750002675,0.05572659894824028,0.0014380277134478092,0.1596052497625351,0.05886396765708923,0.000593294738791883,0.000566874397918582,0.0006968978559598327,0.0114420335739851,0.007396864239126444,0.019595788791775703,1.038777008652687,1.0260905027389526,1.1134169101715088,1.108285903930664
101,24.1784008750692,0.011820124462246895,0.0005465908325277269,0.03330199047923088,4.8161466111196205e-05,1.3070425666228402e-05,0.0009501518215984106,0.0007741365698166192,0.008279611356556416,0.0012243177043274045,0.0006111203692853451,0.07913904135966732,0.5328224301338196,0.8260793089866638,0.6043170094490051
201,42.884585459018126,0.0037516087759286165,0.00036211765836924314,0.018500499427318573,3.6847693991148844e-05,2.9303519113454968e-06,0.0012790145119652152,0.0009363233693875372,0.008192770183086395,0.0011419934453442693,0.00010069955897051841,0.05550714435230475,0.3418239653110504,0.6362939476966858,0.5032730102539062
301,62.79112729197368,0.0030679842457175255,0.00034303221036680043,0.015088940039277077,3.184459637850523e-05,2.3814168343960773e-06,0.0014650427037850022,0.001010446809232235,0.006633796263486147,0.0010280064307153225,8.95728007890284e-05,0.05215464245975454,0.3145509362220764,0.5842449069023132,0.4745510220527649
401,82.14591420907527,0.0031794325914233923,0.0003329056198708713,0.014424765482544899,2.9593404178740457e-05,2.1167729755688924e-06,0.001444107387214899,0.0010050826240330935,0.0060180858708918095,0.000990273547358811,0.00014516888768412173,0.05120615387295402,0.3161938190460205,0.5758441090583801,0.4683869183063507
501,100.98712654202245,0.002998379059135914,0.0003358697285875678,0.013646027073264122,2.7643229259410873e-05,1.8458069916960085e-06,0.0014847603160887957,0.001024479977786541,0.00577240576967597,0.0009940251475200057,0.00011952820204896852,0.0503292820999377,0.307930588722229,0.5655531287193298,0.46092480421066284
601,121.15202150004916,0.002965678693726659,0.00032923344406299293,0.013153919950127602,3.257253410993144e-05,4.781893494509859e-06,0.001538392505608499,0.0010125633561983705,0.005646960809826851,0.0010228349128738046,0.000424867874244228,0.0532504094471733,0.30678144097328186,0.5574909448623657,0.45735061168670654
701,141.7848295000149,0.002847671741619706,0.00033161486499011517,0.012632927857339382,3.167028626194224e-05,1.8719584886639495e-06,0.0015186270466074347,0.0010162261314690113,0.005477670580148697,0.0009877921547740698,0.00014334471779875457,0.04939507860513004,0.3007130026817322,0.5541799664497375,0.45155858993530273
801,161.02268983400427,0.0028464202769100666,0.00032425179961137474,0.012342596426606178,2.7482619771035388e-05,1.2885566320619546e-06,0.0014882964314892888,0.0009883124148473144,0.005300566554069519,0.0009807681199163198,0.00012525124475359917,0.048100915852046455,0.2997310757637024,0.5495449304580688,0.448535293340683
901,181.11068487504963,0.0031105370726436377,0.000322968524415046,0.012506992556154728,2.3900593077996746e-05,1.4114166333456524e-06,0.0013951676664873958,0.0009630931890569627,0.005092365201562643,0.0009290007292293012,0.00014685827773064375,0.0472661755138688,0.30806025862693787,0.5522271990776062,0.44903144240379333
1001,201.03204437508248,0.0025910709518939257,0.00030823855195194483,0.010855411179363728,2.4608740204712376e-05,1.0137832759937737e-06,0.0014317664317786694,0.0009098234004341066,0.004983934108167887,0.0009577357559464872,0.00014529246254824102,0.0448214387297412,0.2877616584300995,0.5304110050201416,0.4330229163169861
1101,219.72153245902155,0.002427630824968219,0.0002849772572517395,0.009697267785668373,2.282214700244367e-05,8.821512551548949e-07,0.0013213185593485832,0.0007830229587852955,0.0047622015699744225,0.0009564028005115688,0.00017077528173103929,0.04111669121959949,0.278762549161911,0.5141202211380005,0.41989341378211975
1201,239.516984625021,0.0023120089899748564,0.00026194387464784086,0.008406057953834534,1.4439314327319153e-05,7.429849802065291e-07,0.0010918761836364865,0.0006363278371281922,0.0040467423386871815,0.0009828178444877267,0.00020499242236837745,0.03549335842603796,0.2705109417438507,0.5018585324287415,0.40340667963027954
1301,259.48881512507796,0.002007988980039954,0.00019914464792236686,0.006655146833509207,3.542144986568019e-05,6.280580237216782e-06,0.001042138901539147,0.00039972446393221617,0.0034135521855205297,0.0014492112677544355,0.0008464556885883212,0.037025254756372306,0.2556968629360199,0.4769342243671417,0.38487693667411804
1401,278.0753977090353,0.0011240802705287933,0.00018164537323173136,0.003659670939669013,8.263312338385731e-06,3.8153112313921156e-07,0.0007767179049551487,0.00033100490691140294,0.0024346448481082916,0.0009954514680430293,0.00014699256280437112,0.021029095080905336,0.20340684056282043,0.4420579671859741,0.33370620012283325
1501,297.82341375004034,0.0007328565698117018,0.00016595341730862856,0.0019544390961527824,5.201685326028382e-06,3.3130075394183223e-07,0.0007267796900123358,0.0002827939169947058,0.0016150331357493997,0.0008275393047370017,0.0001040162387653254,0.016487049842282886,0.1701858788728714,0.4010716676712036,0.2972952127456665
1601,317.73010325001087,0.0006362443673424423,0.00015560378960799426,0.0014273093547672033,4.270792032912141e-06,2.0700323943856347e-07,0.0006956887082196772,0.0002672041009645909,0.0011225702473893762,0.0006344019202515483,7.816618017386645e-05,0.014431497525663417,0.15756556391716003,0.38411176204681396,0.28201037645339966
1701,336.28385729203,0.0006852482329122722,0.00014737855235580355,0.0013009065296500921,4.580459062708542e-06,3.2735403010519804e-07,0.000661248923279345,0.00025897161685861647,0.0008550740894861519,0.0004605896829161793,0.00010382641630712897,0.013738744782699541,0.15842077136039734,0.380056768655777,0.27793821692466736
1801,356.24444662500173,0.0005832031019963324,0.00014542842109221965,0.0009819272672757506,3.2896793982217787e-06,1.5128206598546967e-07,0.0006699221557937562,0.0002496268425602466,0.0006626288522966206,0.00037604555836878717,7.565535634057596e-05,0.012735686362617571,0.146498903632164,0.36456099152565,0.26688823103904724
1901,375.87330866698176,0.0005574965616688132,0.00014526786981150508,0.0008250370156019926,3.764023631447344e-06,1.1529054688708129e-07,0.0006740171229466796,0.00024779170053079724,0.0005669067031703889,0.0003145289374515414,4.016222010250203e-05,0.012067740665287374,0.14114058017730713,0.3558333218097687,0.2605780065059662
2001,394.9206098750001,0.0008274079882539809,0.00014013744657859206,0.0013996005291119218,7.2914117481559515e-06,9.454020073462743e-07,0.0006140116020105779,0.00025796430418267846,0.0005557560361921787,0.0002686501247808337,9.474116086494178e-05,0.012941090933054511,0.16847406327724457,0.3813001215457916,0.2807723581790924
2101,414.2487592920661,0.0006160364719107747,0.00014222336176317185,0.0008702456834726036,3.503451807773672e-06,2.2679458311358758e-07,0.0006488533108495176,0.0002428942098049447,0.00045185882481746376,0.0002462827251292765,8.359038474736735e-05,0.01211732858502046,0.14624634385108948,0.3550013303756714,0.2622184157371521
2201,434.224725667038,0.0005707907257601619,0.0001433769939467311,0.0007554873009212315,3.7119045828148955e-06,1.4043527585272386e-07,0.0006380842532962561,0.0002416477509541437,0.0004203307325951755,0.00022991445439402014,5.484930079546757e-05,0.01150423665666267,0.14042504131793976,0.3511226177215576,0.257355272769928
2301,452.7129915000405,0.0006244676187634468,0.0001406520459568128,0.0008218155126087368,3.213622676412342e-06,2.0923076249346195e-07,0.0006242906674742699,0.00024108975776471198,0.00037873428664170206,0.000210177808185108,5.995868195896037e-05,0.011463466878524287,0.14558632671833038,0.3520514965057373,0.2598831355571747
2401,472.4327249589842,0.000537880405317992,0.00014436505443882197,0.000639155216049403,3.32108015754784e-06,1.230339705671213e-07,0.0006368915201164782,0.0002389058645348996,0.00035557811497710645,0.000198867404833436,2.9916585845057853e-05,0.010967427041862265,0.13504233956336975,0.34160682559013367,0.25140807032585144
2501,492.45232070900965,0.0005982834845781326,0.0001396879379171878,0.000719736737664789,4.095032636541873e-06,1.6698625415756396e-07,0.0006197506445460021,0.0002425225538900122,0.00032828247640281916,0.00021742073295172304,7.632181223016232e-05,0.011431981665083413,0.14206242561340332,0.3428591787815094,0.25522300601005554
2601,511.36906937498134,0.0005898510571569204,0.00013059843331575394,0.0007063868688419461,5.879419404664077e-06,1.2774421520589385e-06,0.0006625212263315916,0.00020302801567595452,0.0004924117238260806,0.0002828377764672041,0.0009750075987540185,0.020679222882790782,0.14281900227069855,0.3383340835571289,0.26033636927604675
2701,531.4667752090609,0.0006037376006133854,0.0001413718273397535,0.0006826712051406503,2.529773382775602e-06,8.250914902419026e-07,0.0006010206416249275,0.00022001615434419364,0.0003687563294079155,0.00022313302906695753,0.00027256476460024714,0.01298923424599252,0.13998058438301086,0.33957159519195557,0.25452396273612976
2801,552.4632881670259,0.0005474213394336402,0.00014487808221019804,0.0005490205367095768,5.952148512733402e-06,1.4268063353028992e-07,0.0006135159055702388,0.0002319888590136543,0.00038739305455237627,0.0003547274391166866,0.0006240824004635215,0.01674026039395926,0.13193704187870026,0.3325495421886444,0.24707813560962677
2901,570.9867124590091,0.0006681227241642773,0.00013758450222667307,0.0007838355377316475,6.42556051388965e-06,3.82683793986871e-07,0.0005788066191598773,0.00023293601407203823,0.00029633365920744836,0.00017372526053804904,0.00016163189138751477,0.011861429373141164,0.14846670627593994,0.3436291217803955,0.2578585743904114
3001,590.9736919170246,0.0005533869843930006,0.00014507300511468202,0.0005437516956590116,2.830342054949142e-06,1.378820968511718e-07,0.0005899600801058114,0.00022938429901842028,0.0002693066489882767,0.00015970504318829626,2.4150333047145978e-05,0.010135852740575046,0.13357457518577576,0.3292883038520813,0.24639761447906494
3101,611.0983665420208,0.0005337202455848455,0.00014710692630615085,0.0004956346820108593,3.2241800909105223e-06,1.2802870230643748e-07,0.0005876353825442493,0.00022741351858712733,0.0002588073257356882,0.00015783222625032067,2.029432107519824e-05,0.009980055715885783,0.13045354187488556,0.32432886958122253,0.243021622300148
3201,629.5048867920414,0.0006072819232940674,0.00014485494466498494,0.0005899019306525588,4.40549274571822e-06,4.4610953864321345e-07,0.0005746151437051594,0.0002216413413407281,0.0002635010750964284,0.00014813071175012738,6.491435487987474e-05,0.010413895007559404,0.13881933689117432,0.3290976583957672,0.24941889941692352
3301,649.6182953750249,0.000538905500434339,0.00014733363059349358,0.00046920523163862526,3.1933088848745683e-06,1.4904490797107428e-07,0.000573833764065057,0.00022475999139714986,0.00024360764655284584,0.000154165129060857,3.152237695758231e-05,0.00988780200040651,0.12992557883262634,0.3204326927661896,0.24148766696453094
3401,669.4488500420703,0.0005591897643171251,0.00014514705981127918,0.0005013665650039911,1.5405594240291975e-06,7.837469411242637e-07,0.0005704994546249509,0.00021082567400299013,0.0003523732884787023,0.00046102635678835213,0.0010763277532532811,0.020618874916863206,0.13510778546333313,0.32318010926246643,0.24600839614868164
3501,688.5087062920211,0.0005425905110314488,0.00014913277118466794,0.00045089912600815296,3.325739726278698e-06,1.3188002867536852e-07,0.0005595683469437063,0.00022076570894569159,0.00024941525771282613,0.0001471674331696704,2.2144018657854758e-05,0.009598562042128833,0.1288285106420517,0.31816449761390686,0.24007031321525574
3601,708.312667750055,0.0005336716421879828,0.00015058046847116202,0.000430024869274348,3.077274868701352e-06,1.2734093957078585e-07,0.0005522830178961158,0.00021954704425297678,0.00023508083540946245,0.00014358088083099574,2.192111060139723e-05,0.00946249658176157,0.12787915766239166,0.31518369913101196,0.23859114944934845
3701,728.4211339170579,0.0006215021130628884,0.00014428743452299386,0.0005141080473549664,3.89665774491732e-06,3.034052156181133e-07,0.0005381929222494364,0.0002181727613788098,0.00025364631437696517,0.00015857213293202221,9.982672781916335e-05,0.010296040786329286,0.13714450597763062,0.32083481550216675,0.24477125704288483
3801,747.0583770000376,0.000531568774022162,0.00015104215708561242,0.00041859899647533894,2.95986842502316e-06,1.2114089997794508e-07,0.000535680796019733,0.00021922560699749738,0.00022404220362659544,0.00014365173410624266,2.0987987227272242e-05,0.009258657861010988,0.12748531997203827,0.31287145614624023,0.23777545988559723
3901,765.9245662500616,0.000600778847001493,0.00014302348427008837,0.0004921412910334766,1.9403082660574e-06,4.2790145471371943e-07,0.0005384056712500751,0.00020123358990531415,0.00022693470236845315,0.00017552479403093457,9.731269528856501e-05,0.0100316047803517,0.13533464074134827,0.3136606514453888,0.24425508081912994
4001,784.1013252499979,0.0005894680507481098,0.00014814217865932733,0.00042297731852158904,3.4968561521964148e-06,1.7266714280594897e-07,0.000518757093232125,0.00021714819013141096,0.00021362480765674263,0.00015386223094537854,3.5785964428214356e-05,0.009281682297398675,0.1315925121307373,0.3109377324581146,0.2387961447238922
4101,804.4038126670057,0.000552056182641536,0.00015405358863063157,0.00037947596865706146,2.7150965706823627e-06,1.8838466075976612e-07,0.0005161425797268748,0.0002080277045024559,0.0002435536589473486,0.0001515907351858914,0.00011356366303516552,0.009887104419021853,0.12608209252357483,0.30678707361221313,0.23440754413604736
4201,824.5355628340039,0.0006050271331332624,0.00014686178474221379,0.0004340618324931711,1.7967950043384917e-06,2.535651901780511e-07,0.0005003868718631566,0.00020847577252425253,0.00020540683181025088,0.00014416975318454206,6.819882401032373e-05,0.009326645621285934,0.1342572569847107,0.30989405512809753,0.2390325367450714
4301,842.6634165419964,0.0006439080461859703,0.00014285983343143016,0.0005036754882894456,1.0643160521794925e-06,4.389472394450422e-07,0.000486770790303126,0.000210928003070876,0.00021999303135089576,0.00014928352902643383,0.00019158619397785515,0.010567602434718992,0.14015807211399078,0.315644234418869,0.24372735619544983
4401,862.316316875047,0.0005598076386377215,0.0001527321437606588,0.0003582768840715289,3.3087501378759043e-06,1.3658819852935267e-07,0.0004954587202519178,0.0002072331844829023,0.0001961856469279155,0.00014674813428428024,2.2469037503469735e-05,0.008699813253429056,0.12634138762950897,0.300607293844223,0.23255199193954468
4501,881.432660749997,0.0005962052382528782,0.00014760572230443358,0.0003950003592763096,3.4021693409158615e-06,1.8231088461106992e-07,0.0004822345217689872,0.00020920881070196629,0.00018167549569625407,0.00017610685608815402,3.687346907099709e-05,0.008815606489292804,0.1324610710144043,0.3050411641597748,0.23604677617549896
4601,900.3718950840412,0.0005589764332398772,0.0001539528020657599,0.00034059060271829367,3.789892616623547e-06,1.4036396578376298e-07,0.00048309340490959585,0.00020319879695307463,0.00019096664618700743,0.00015301672101486474,2.0204688553349115e-05,0.008501774675210072,0.1250610649585724,0.29636871814727783,0.23076879978179932
4701,920.5514555840055,0.0007310357759706676,0.00013471288548316807,0.0005834272596985102,4.962937509844778e-06,1.6216688436543336e-06,0.0004681979480665177,0.0001997110666707158,0.0002213812549598515,0.00018147013906855136,0.0002980709250550717,0.011577672776638792,0.14971713721752167,0.31700360774993896,0.2492818683385849
4801,940.7396751249908,0.0006272805039770901,0.0001480865030316636,0.0003863144956994802,3.0223502562876092e-06,2.5444393259022036e-07,0.00046389212366193533,0.00019846810027956963,0.00018747297872323543,0.00016302628500852734,7.911978173069656e-05,0.00895974876505079,0.13422906398773193,0.30150729417800903,0.23567835986614227
4901,959.282342209015,0.0005634929402731359,0.00015713230823166668,0.0003187687252648175,1.9073900148214307e-06,1.6416694847976032e-07,0.0004636801313608885,0.00019452798005659133,0.00021718161588069052,0.00016203097766265273,0.0001712429366307333,0.009733832617428106,0.12299453467130661,0.2929638624191284,0.22833053767681122
5001,979.4096685000695,0.000568372430279851,0.0001567329600220546,0.00031991422292776406,3.692823611345375e-06,1.49745090993747e-07,0.00045387426507659256,0.00019607825379353017,0.00018205786182079464,0.00014740224287379533,3.221268343622796e-05,0.008234557428011158,0.12495768070220947,0.29139772057533264,0.22865107655525208
5101,998.3722533340333,0.0006150552653707564,0.00014521022967528552,0.0003889592771884054,1.2292515521039604e-06,4.809229494640022e-07,0.0004462379147298634,0.00018672447185963392,0.00019922680803574622,0.00019628842710517347,0.00019882319611497223,0.009879697579435742,0.13578850030899048,0.2972446382045746,0.23599103093147278
5201,1024.1240836250363,0.0005573838716372848,0.00015741275274194777,0.0003013061359524727,3.3063104183383984e-06,1.1917823883322853e-07,0.000443231372628361,0.00019146129488945007,0.00017213411047123373,0.00014725362416356802,1.5772013284731656e-05,0.00787439218956365,0.12232644110918045,0.2857235372066498,0.2259834110736847
5301,1043.9444247920765,0.0005758096813224256,0.00015702129167038947,0.000294627359835431,3.335016117489431e-06,1.409969314636328e-07,0.0004374804557301104,0.00018727972928900272,0.00017170213686767966,0.00014393033052328974,2.2594185793423094e-05,0.007851394638834108,0.12266451120376587,0.28317949175834656,0.22496192157268524
5401,1063.4304001249839,0.0005940417177043855,0.00015563465422019362,0.0003062285832129419,3.007221494044643e-06,1.865744820861437e-07,0.0004252626677043736,0.00018840872508008033,0.00017562428547535092,0.0001502989762229845,2.4045881218626164e-05,0.007790938916627965,0.12584276497364044,0.28620538115501404,0.2276104986667633
5501,1084.1062645839993,0.0006187027902342379,0.00015255404287017882,0.00031472573755308986,2.7271985345578287e-06,2.2086902617957094e-07,0.0004230304039083421,0.00018395233200863004,0.0001735465630190447,0.0001609595346963033,5.6824628700269386e-05,0.008088042990152644,0.12819956243038177,0.2854592204093933,0.22892768681049347
5601,1103.4457888749894,0.0005676157888956368,0.0001604225835762918,0.0003026967169716954,2.0942065930285025e-06,2.9472153073584195e-07,0.0004214686050545424,0.00017350293637719005,0.00033975965925492346,0.0006125051877461374,0.0006594168371520936,0.01455077300352059,0.12493366748094559,0.2844795882701874,0.2263876050710678
5701,1122.112722375081,0.0005663546617142856,0.00015771971084177494,0.00028694013599306345,2.0443535504455213e-06,1.3710996427107602e-07,0.000406013336032629,0.00018279062351211905,0.00015888313646428287,0.00014495190407615155,3.1260831747204065e-05,0.007537312097156246,0.12290043383836746,0.2798304855823517,0.22422543168067932
5801,1142.2655657919822,0.0006069704541005194,0.00015422013530042022,0.0002913811767939478,2.4568412300141063e-06,1.853847777510964e-07,0.0004019995976705104,0.0001783016778063029,0.00016236842202488333,0.00015135658031795174,3.931658648070879e-05,0.007588897648190596,0.12551766633987427,0.28001561760902405,0.2255440056324005
5901,1161.296858042013,0.0006329226889647543,0.00014739943435415626,0.0003147800453007221,2.399633558525238e-06,2.713858293645899e-07,0.000397250842070207,0.00017070899775717407,0.0001933621970238164,0.00033253009314648807,9.92007480817847e-05,0.008319310531760493,0.13045604526996613,0.2835260033607483,0.22940519452095032
6001,1178.8915543750627,0.0005780963110737503,0.00015589164104312658,0.0002686369698494673,5.710245204681996e-06,6.134132490842603e-07,0.0003954307467211038,0.00017254411068279296,0.0001928967103594914,0.00027909723576158285,0.0002838837681338191,0.01005644170800224,0.12097319960594177,0.2731938362121582,0.2213677167892456
6101,1198.1826605839888,0.0006601048517040908,0.0001438189356122166,0.0003172070428263396,3.384626324987039e-06,3.770515775158856e-07,0.00038893913733772933,0.00016243585560005158,0.0002819447254296392,0.00017039242084138095,0.0001865535305114463,0.008990369989930969,0.13204658031463623,0.2828702926635742,0.2295941263437271
6201,1217.2968038340332,0.0005841878592036664,0.00015723118849564344,0.0002696773735806346,3.415183527977206e-06,1.6105411759781418e-07,0.0003807000466622412,0.0001668644545134157,0.00015365856233984232,0.0001290328218601644,2.5287701646448113e-05,0.007058072210156752,0.121117003262043,0.2721538543701172,0.22116468846797943
6301,1235.3942337919725,0.000636055541690439,0.00015270680887624621,0.00028388938517309725,4.854299277212704e-06,2.2668554322535783e-07,0.00037705438444390893,0.0001627154415473342,0.00018022336007561535,0.00013766094343736768,4.32843116868753e-05,0.00727188726423833,0.12688332796096802,0.27528083324432373,0.22466006875038147
6401,1254.4651552500436,0.0005743652582168579,0.0001555617491248995,0.0002623719919938594,2.2183844521350693e-06,1.1583748005250527e-07,0.00037484828499145806,0.00015932922542560846,0.00016441353363916278,0.00014666334027424455,0.0002673660055734217,0.009342153252475782,0.12113684415817261,0.26634374260902405,0.21880444884300232
6501,1273.855539625045,0.0005756158498115838,0.00015615305164828897,0.00026226649060845375,2.4708783712412696e-06,1.6108211298160313e-07,0.000362643098924309,0.0001580899697728455,0.00013753166422247887,0.00012848984624724835,5.882624463993125e-05,0.00708196964075114,0.12027984857559204,0.26780837774276733,0.21901513636112213
6601,1291.1639241250232,0.0005853751208633184,0.00015550504031125456,0.00026047840947285295,1.956231471922365e-06,1.3412294208592357e-07,0.00035580029361881316,0.00015685558901168406,0.000143121273140423,0.00012679825886152685,2.9276001441758126e-05,0.006711500487512012,0.12071556597948074,0.26570236682891846,0.2189512848854065
6701,1310.0700920840027,0.0006905501941218972,0.0001397970918333158,0.00032861402723938227,2.657480308698723e-06,7.212626087493845e-07,0.00034961316850967705,0.00015209618140943348,0.00016706439782865345,0.00015639442426618189,0.00023434120521415025,0.00887671311579652,0.13684210181236267,0.28116297721862793,0.23151805996894836
6801,1329.1775383340428,0.0005641397438012064,0.0001567129511386156,0.00025679299142211676,2.358135589020094e-06,1.2303300422900065e-07,0.0003467840142548084,0.00015051155060064048,0.0001429273106623441,0.00014563999138772488,5.16527215950191e-05,0.006780507538849179,0.11845926195383072,0.26081275939941406,0.21634066104888916
6901,1346.774447291973,0.0005854732589796185,0.000153208602569066,0.0002564114984124899,1.792742068573716e-06,1.2258428228051343e-07,0.00033644656650722027,0.0001480333594372496,0.00013393544941209257,0.00012762400729116052,3.653751264209859e-05,0.006485980466038654,0.12036442756652832,0.2619648575782776,0.2172543704509735
7001,1365.7809807090089,0.0006376216770149767,0.0001464764791307971,0.00026483734836801887,1.8232665297546191e-06,1.7818777564571064e-07,0.0003323294222354889,0.0001437001337762922,0.0001425980299245566,0.0001550860470160842,9.836571553023532e-05,0.007110586839928601,0.12538333237171173,0.26487529277801514,0.22083759307861328
7101,1384.7372247090098,0.0005721641355194151,0.00015505915507674217,0.0002536453539505601,3.12156043946743e-06,1.3630412354359578e-07,0.00032745374483056366,0.00014171371003612876,0.00012424706073943526,0.00012835646339226514,4.850179539062083e-05,0.006442743316881661,0.1168629452586174,0.2563425600528717,0.2145465612411499
7201,1402.5040990840644,0.000581948843318969,0.0001531382731627673,0.0002517332904972136,2.656546030266327e-06,1.2486650291521073e-07,0.00032116862712427974,0.00014124266454018652,0.00011905359860975295,0.0001225324085680768,1.6776673874119297e-05,0.006048100194874451,0.11912756413221359,0.25814276933670044,0.216317817568779
7301,1423.2774234589888,0.0006370260380208492,0.00014600685972254723,0.0002557058760430664,8.294402505271137e-06,3.3563154033799947e-07,0.0003220237558707595,0.00013075240713078529,0.0001934098545461893,0.00034439051523804665,0.0001835837319958955,0.008026438434001193,0.12464768439531326,0.26028740406036377,0.22051648795604706
7401,1445.8904775839765,0.0005982583970762789,0.00015321750834118575,0.00025347148766741157,7.528501555498224e-06,1.883681306935614e-06,0.00030758598586544394,0.0001319904113188386,0.0004523543466348201,0.00034104715450666845,0.001338435453362763,0.019672589228321158,0.11997684836387634,0.2599930763244629,0.21737302839756012
7501,1464.64700287499,0.0005713024875149131,0.000154466149979271,0.00025058171013370156,2.499242327758111e-06,9.938469247572357e-08,0.0003044816548936069,0.0001308484497712925,0.0001102564056054689,0.00012081154272891581,1.652725404710509e-05,0.005751978153284654,0.11597806215286255,0.2507048547267914,0.21231460571289062
7601,1483.9804894169793,0.0005825695116072893,0.00015331077156588435,0.0002499077236279845,2.9333421025512507e-06,9.409303203256059e-08,0.0002997060364577919,0.00012807008170057088,0.00012782645353581756,0.00011927403829758987,2.4809820388327353e-05,0.005789022235447305,0.11633001267910004,0.250713586807251,0.21285751461982727
7701,1503.045270374976,0.0005755709134973586,0.0001532802707515657,0.0002490676997695118,3.1542226679448504e-06,1.2806926008579467e-07,0.00028878325247205794,0.0001279656426049769,0.00011753907892853022,0.0001375431165797636,3.292865221737884e-05,0.005762599471751173,0.11755432933568954,0.2512541711330414,0.21303415298461914
7801,1522.1838201250648,0.0005935081862844527,0.00015236722538247705,0.0002460140094626695,3.976215793954907e-06,9.733920336429946e-08,0.0002855542115867138,0.0001238560798810795,0.00013357137504499406,0.00017926715372595936,2.4050048523349687e-05,0.005680066899785174,0.1175241619348526,0.2503448724746704,0.21260716021060944
7901,1542.6008709999733,0.000631346192676574,0.00014683487825095654,0.0002506835444364697,3.928876139980275e-06,1.5068977177179477e-07,0.0002838938089553267,0.00012217248149681836,0.00013444565411191434,0.0002272414421895519,4.514656029641628e-05,0.0059434758782686,0.12248330563306808,0.2548661231994629,0.2165841907262802
8001,1561.8845500840107,0.0005728015094064176,0.00015302959945984185,0.0002523954026401043,2.671152969924151e-06,7.570382365429396e-08,0.0002756222093012184,0.00011776897736126557,0.00015860026178415865,0.00016851072723511606,6.552234845003113e-05,0.005921941419586574,0.11434049159288406,0.24253302812576294,0.20942512154579163
8101,1580.8158102090238,0.0005791342118754983,0.0001523369865026325,0.0002484376891516149,2.696889623621246e-06,8.920998340045116e-08,0.0002671306428965181,0.00011991494829999283,0.00010484216909389943,0.00011942891433136538,2.0077632143511437e-05,0.005303273200425451,0.11555727571249008,0.2459174245595932,0.21052931249141693
8201,1600.1020929589868,0.000606638437602669,0.00014998753613326699,0.00024491778458468616,3.0688179322169162e-06,1.2613693911589507e-07,0.000259194930549711,0.00011759233893826604,0.00012621820496860892,0.00011125671881018206,3.5710647352971137e-05,0.005395947399222223,0.11941448599100113,0.2508821487426758,0.21317346394062042
8301,1617.4149846250657,0.0005957878893241286,0.00015470631478819996,0.00025634345365688205,2.8188010219309945e-06,6.303833970378037e-07,0.0002594988327473402,0.00011000362428603694,0.0002689848479349166,0.00024318951182067394,0.000423869292717427,0.00948722135922253,0.11408977210521698,0.24309398233890533,0.20945821702480316
8401,1636.575338124996,0.0006211226573213935,0.00014156775432638824,0.0002457159280311316,2.3813954612705857e-06,6.453352625612752e-07,0.0002611677919048816,0.00010621036926750094,0.00016644159040879458,0.00015611178241670132,0.00016575990593992174,0.0066926076908657706,0.12396551668643951,0.25069424510002136,0.2163432091474533
8501,1655.8702418339672,0.0005648826481774449,0.0001528386928839609,0.00025665879365988076,1.689607415755745e-06,6.231850591120747e-08,0.00024403624411206692,0.00011010449088644236,0.00011158116103615612,0.00012403728032950312,2.0486719222390093e-05,0.004973792377512609,0.11373858898878098,0.23929333686828613,0.20712989568710327
8601,1673.4783055420266,0.0005900223623029888,0.0001506236003478989,0.0002526006137486547,9.853797564574052e-07,8.635454662453412e-08,0.0002375360782025382,0.00010878388275159523,0.00011287853703834116,0.0001036262619891204,3.8683039747411385e-05,0.005070498725473271,0.11593873053789139,0.24166971445083618,0.20838622748851776
8701,1692.7001994170714,0.000582998851314187,0.00015061050362419337,0.00024990292149595916,1.9059987153013935e-06,8.563543474338076e-08,0.00023658538702875376,0.00010943433153443038,0.00011912122135981917,0.00013114468310959637,2.860114000213798e-05,0.004999903108057424,0.11638405919075012,0.24465115368366241,0.209861621260643
8801,1711.831769875018,0.0005753242294304073,0.00015403398720081896,0.00026594576775096357,2.3870666154834908e-06,8.203151935504138e-08,0.00022828055080026388,0.00010432174167362973,0.0001075533582479693,9.931954264175147e-05,2.572324410721194e-05,0.004810123232431351,0.11249183118343353,0.2349640130996704,0.20545855164527893
8901,1729.5047327090288,0.000574754027184099,0.00015194127627182752,0.0002608399954624474,1.7313376474703546e-06,8.142171026292999e-08,0.00022161357628647238,0.00010547567217145115,0.0001665399904595688,0.00013194979692343622,4.255009116604924e-05,0.0050005460761184395,0.11406533420085907,0.2362259179353714,0.20620866119861603
9001,1748.5700104590505,0.0005654196720570326,0.00015332306793425232,0.00026516048819758,1.978030013560783e-06,8.056488809415896e-08,0.00021572386322077364,0.00010390337411081418,0.00013724504970014095,0.00012170236004749313,4.343197724665515e-05,0.004894028732735478,0.11345764249563217,0.2362043261528015,0.20540136098861694
9101,1767.7703365840716,0.0005704416544176638,0.0001533747708890587,0.00026607391191646457,3.287349045422161e-06,7.360619491691978e-08,0.0002122309524565935,0.00010462116915732622,0.00010432842100271955,9.649091953178868e-05,2.015407517319545e-05,0.004594381198032238,0.1123865619301796,0.23598721623420715,0.20507794618606567
9201,1785.6512412920129,0.0006188140250742435,0.00014533840294461697,0.0002473654749337584,3.215993046978838e-06,3.1445117087969265e-07,0.00021074108371976763,0.00010099152132170275,0.00012515601702034473,0.00010709536581998691,7.592314796056598e-05,0.0051556312579918995,0.12124370038509369,0.24454553425312042,0.21088527143001556
9301,1805.3296525420155,0.0005726312519982457,0.00015423281001858413,0.00027757964562624693,2.2518811420013662e-06,6.896109994158905e-08,0.00020239879086147994,9.95465597952716e-05,9.56991279963404e-05,8.789978892309591e-05,1.3939094969828147e-05,0.0043700955032477395,0.11186045408248901,0.23197142779827118,0.20306390523910522
9401,1825.5741506250342,0.0005858674412593246,0.00015168378013186157,0.0002650257956702262,2.3942661755427253e-06,1.0033829056510513e-07,0.00019818771397694945,9.943151962943375e-05,0.00010481031495146453,9.829449845710769e-05,2.9319257009774446e-05,0.004500012781292639,0.1153048723936081,0.23543862998485565,0.20479533076286316
9501,1844.5255127090495,0.0006156744202598929,0.00014602296869270504,0.0002636348071973771,5.529504960577469e-06,1.365350357218631e-07,0.000199074755073525,9.462745947530493e-05,0.00016792984388303012,0.00014492074842564762,0.00011335720773786306,0.005465437411288576,0.11769051849842072,0.23895639181137085,0.2076823115348816
9601,1864.6811735420488,0.0006220981595106423,0.00014355912571772933,0.0002499281254131347,4.966851065546507e-06,2.7953836934102583e-07,0.0001954322069650516,9.80898694251664e-05,0.00011432901374064386,0.00016870902618393302,9.985840733861551e-05,0.0052848921822032935,0.11997507512569427,0.24089515209197998,0.20850779116153717
9701,1886.2264060840243,0.0006290771416388452,0.00015347114822361618,0.0002562417648732662,1.5373465430457145e-05,9.484497240919154e-07,0.00019554125901777297,9.269075962947682e-05,0.00024509034119546413,0.0002841790847014636,0.0005109830526635051,0.009723429345285695,0.11876967549324036,0.23857420682907104,0.20978431403636932
9801,1904.8742094590561,0.0006004291353747249,0.00015279051149263978,0.000265051843598485,2.665772171894787e-06,1.1304598501737928e-07,0.00018019750132225454,9.933475666912273e-05,0.00011290149268461391,0.00012896118278149515,2.366190165048465e-05,0.0043198639439196995,0.11512406170368195,0.23797258734703064,0.20403426885604858
9901,1923.6495633340674,0.0005785553366877139,0.00015512730169575661,0.0002920208789873868,2.7015803425456397e-06,7.834372439674553e-08,0.00017678151198197156,9.481651068199426e-05,8.987127512227744e-05,8.154436363838613e-05,1.4695548088639043e-05,0.004087854104326993,0.11151228100061417,0.2295588105916977,0.2011122852563858
10000,1942.3921822090633,0.0005850885063409805,0.0001568744919495657,0.0002814625622704625,4.632582204067148e-06,1.3071864657376864e-07,0.0001712653029244393,9.265000699087977e-05,0.0002239218301838264,0.0002579229767434299,0.0001862440403783694,0.006054496878931559,0.11357264965772629,0.2356763482093811,0.2029639631509781
