epoch,loss,lr,val_rel_l2_u,val_rel_l2_v,val_rel_l2_p,seconds
1,0.7053995275497437,8.912509381337456e-05,0.6925280213356018,0.9986731171607971,0.570140752196312,130.6566347500775
2,0.6077905869483948,7.943282347242817e-05,0.6620450377464294,0.9811926305294036,0.48200333267450335,73.4397583330283
3,0.5684410217404365,7.079457843841381e-05,0.6904575049877166,0.990434604883194,0.5777158215641975,40.624472917057574
4,0.5034031826257706,6.309573444801935e-05,0.5158817410469055,0.8538183748722077,0.4331289708614349,46.64909566694405
5,0.42000916458666326,5.623413251903493e-05,0.5305132210254669,0.7812893778085709,0.4090140417218208,44.286771291983314
6,0.38729127679020164,5.0118723362727245e-05,0.4625629663467407,0.7535929441452026,0.41467377692461016,47.34101958293468
7,0.3874953687563539,4.466835921509633e-05,0.45124979317188263,0.731528177857399,0.4308625340461731,45.42025708290748
8,0.39361101262271403,3.981071705534974e-05,0.46704434156417846,0.7373291969299316,0.43717554211616516,45.232834332971834
9,0.3768142091482878,3.548133892335756e-05,0.42812676876783373,0.6857002645730972,0.4087059572339058,45.655384915997274
10,0.360237006098032,3.162277660168381e-05,0.4450976550579071,0.6672648966312409,0.40276377350091935,47.327263584011234
11,0.3637323313206434,2.8183829312644552e-05,0.4529906988143921,0.6876366674900055,0.4554747506976128,50.09362445794977
12,0.35691043820232154,2.5118864315095815e-05,0.44158521890640257,0.6810069739818573,0.4300005227327347,47.226498209056444
13,0.3503210385888815,2.238721138568341e-05,0.42460275292396543,0.6796137511730194,0.4218402899801731,53.75189512502402
14,0.3497331760451198,1.995262314968881e-05,0.43841045200824735,0.6757463097572327,0.42974432483315467,48.9538994160248
15,0.34923209708184005,1.7782794100389243e-05,0.45680527687072753,0.6811525166034699,0.41498679369688035,48.90001724998001
16,0.3474064487218857,1.5848931924611148e-05,0.4222448915243149,0.6788025528192521,0.4114918544888496,48.05582004203461
17,0.34672008465975523,1.4125375446227555e-05,0.4239462599158287,0.6818430423736572,0.42175313979387286,62.0538018749794
18,0.34308955043554307,1.2589254117941683e-05,0.4268377900123596,0.6967943429946899,0.4178043767809868,62.6267499999376
19,0.3359441041201353,1.1220184543019645e-05,0.4180066719651222,0.6731632351875305,0.41051599830389024,61.52656283299439
20,0.33669193409383297,1.0000000000000011e-05,0.424419017136097,0.6883435755968094,0.41816495209932325,59.58280258299783
21,0.3380602218210697,8.912509381337466e-06,0.4266334369778633,0.6902104884386062,0.4124091610312462,60.71465579106007
22,0.3296968529745936,7.943282347242825e-06,0.4232918038964272,0.6888510137796402,0.42042000219225883,59.66115383291617
23,0.3274358611181378,7.0794578438413885e-06,0.4146919310092926,0.6718854546546936,0.416866859793663,60.96377341693733
24,0.32972182594239713,6.3095734448019415e-06,0.4107089012861252,0.6663340389728546,0.4155300840735435,60.99844674998894
25,0.3265218078531325,5.623413251903499e-06,0.4148361787199974,0.6675318390130996,0.41390255838632584,60.31848387501668
26,0.3242821467667818,5.01187233627273e-06,0.41420750617980956,0.6754625082015991,0.41544329226016996,61.6416409999365
27,0.3297290919348598,4.466835921509638e-06,0.4146897420287132,0.6749781668186188,0.4143704518675804,59.05051079101395
28,0.32330800537019966,3.9810717055349784e-06,0.41073099672794344,0.6660877823829651,0.41373687237501144,59.22237641597167
29,0.32662045434117315,3.54813389233576e-06,0.41413250714540484,0.6752005159854889,0.41545238345861435,58.4468760000309
30,0.3235706087201834,3.1622776601683843e-06,0.4143456622958183,0.6718414574861526,0.4122706204652786,58.51572354196105
31,0.3220226607844234,2.8183829312644585e-06,0.4166977643966675,0.681562265753746,0.4131688818335533,58.3564798750449
32,0.32327885303646325,2.5118864315095844e-06,0.4162884548306465,0.6812214583158493,0.41471967846155167,58.599150208057836
33,0.3213602938875556,2.2387211385683435e-06,0.4103317230939865,0.6636722803115844,0.41569435596466064,58.09435025008861
34,0.32089854292571546,1.995262314968883e-06,0.4097443580627441,0.6659462034702301,0.4130259960889816,58.678401292068884
35,0.3212782181799412,1.7782794100389259e-06,0.41053486764431,0.6665947884321213,0.41409783586859705,60.73042799998075
36,0.3204348349943757,1.5848931924611162e-06,0.411027292907238,0.6685003459453582,0.41241914629936216,59.839080709032714
37,0.3204986392334104,1.4125375446227567e-06,0.4133474200963974,0.6735480308532715,0.41380102187395096,58.962090332992375
38,0.3202036378905177,1.2589254117941693e-06,0.40920927226543424,0.6665283054113388,0.41373365968465803,60.15503462497145
39,0.31937913171947,1.1220184543019654e-06,0.4111755222082138,0.6700789630413055,0.41319182366132734,62.87945195904467
40,0.31934337396174667,1.0000000000000019e-06,0.4092121496796608,0.6653158396482468,0.41285107284784317,62.506573708029464
