metric,unit,reference,data_driven,physics_finetuned,change,relative_change,samples_improved
Velocity relative L2 error,fraction,,0.18746657062939015,0.10913895983510977,-0.07832761079428038,-0.4178217509996982,2/2
u relative L2 error,fraction,,0.16142075205609185,0.10160794293360567,-0.05981280912248618,-0.3705397748469287,2/2
v relative L2 error,fraction,,0.5346844514120567,0.2350096705361927,-0.29967478087586397,-0.5604703486036448,2/2
Pressure relative L2 error,fraction,,0.15889496954988855,0.1535816152353954,-0.005313354314493146,-0.03343941176705978,1/2
"Total (u, v, p) relative L2 error",fraction,,0.17451316658263644,0.145422527716208,-0.02909063886642843,-0.16669595444337593,2/2
"Momentum residual, RMS",field units,0.3653914408739406,0.8981630863835737,0.29202538515091325,-0.6061377012326604,-0.674863741810249,2/2
"Divergence residual, RMS",field units,0.12503909766295118,0.6101593403974956,0.0631589890128319,-0.5470003513846637,-0.8964877125839191,2/2
"Boundary residual (inflow and no-slip), RMS",field units,1.1384254644590838e-16,0.003323745351053087,0.015459257331223187,0.0121355119801701,3.6511557590671364,0/2
"Inflow residual, RMS",field units,4.203565330257976e-17,0.006344643630021764,0.0013498196863706929,-0.004994823943651071,-0.7872505115994888,2/2
"No-slip residual, RMS",field units,1.189516551792107e-16,0.0028139745309832846,0.016255513036981337,0.013441538505998052,4.776709368901497,0/2
"Outlet pressure, RMS (not in the loss)",field units,4.414764430828861e-07,0.0061676055786475635,0.007166491561046956,0.0009988859823993924,0.16195685175744146,1/2
